company_id,score
446,2.595238805
12,2.525975905
111,2.219576008
422,2.147439603
293,2.125126597
227,2.115254121
39,2.093020825
303,2.036049318
215,2.034941508
264,2.027402132
